机构名称,类型,板块,注册地,保荐机构,保荐代表人,律师事务所,签字律师,会计师事务所,签字会计师,是否提交财务自查报告,所属行业,日期,xxx,时间戳,简称,文件链接
安徽马鞍山农村商业银行,预先披露更新,中小板,,中信证券股份有限公司,,上海市锦天城律师事务所,,立信会计师事务所(特殊普通合伙),,是,,2020/1/9,80071837,AN201909051349082578,ahmasncsyyx,https://notice.eastmoney.com/pdffile/web/H2_AN201909051349082578_1.pdf
安徽芯瑞达科技,已通过发审会,中小板,,东海证券股份有限公司,,安徽承义律师事务所,,华普天健会计师事务所(特殊普通合伙),,是,,2020/1/9,80958310,AN202004141378000853,ahxrdkj,https://notice.eastmoney.com/pdffile/web/H2_AN202004141378000853_1.pdf
爱玛科技集团,预先披露更新,主板企业,,中信证券股份有限公司,,北京海润天睿律师事务所,,安永华明会计师事务所(特殊普通合伙),,是,,2020/1/9,80922526,AN201909051349082580,amkjjt,https://notice.eastmoney.com/pdffile/web/H2_AN201909051349082580_1.pdf
奥锐特药业,预先披露更新,主板企业,,安信证券股份有限公司,,国浩律师(杭州)事务所,,天健会计师事务所(特殊普通合伙),,是,,2020/1/9,80994682,AN202009081409075876,artyy,https://notice.eastmoney.com/pdffile/web/H2_AN202009081409075876_1.pdf
北大荒垦丰种业,已反馈,主板企业,,中国银河证券股份有限公司,,北京市中伦律师事务所,,大信会计师事务所(特殊普通合伙),,是,,2020/1/9,80364320,AN201906281336805655,bdhkfzy,https://notice.eastmoney.com/pdffile/web/H2_AN201906281336805655_1.pdf
北京北摩高科摩擦材料,已通过发审会,中小板,,长江证券承销保荐有限公司,,北京德恒律师事务所,,立信会计师事务所(特殊普通合伙),,是,,2020/1/9,80117260,AN202004141378000858,bjbmgkmccl,https://notice.eastmoney.com/pdffile/web/H2_AN202004141378000858_1.pdf
北京城建设计发展集团,已反馈,主板企业,,中信证券股份有限公司,,北京市海问律师事务所,,安永华明会计师事务所(特殊普通合伙,,是,,2020/1/9,80374117,AN201906281336804639,bjcjsjfzjt,https://notice.eastmoney.com/pdffile/web/H2_AN201906281336804639_1.pdf
北京竞业达数码科技,已反馈,中小板,,国金证券股份有限公司,,北京市中伦律师事务所,,信永中和会计师事务所(特殊普通合伙),,是,,2020/1/9,80994898,AN202009081409497044,bjjydsmkj,https://notice.eastmoney.com/pdffile/web/H2_AN202009081409497044_1.pdf
北京全时天地在线网络信息,预先披露更新,中小板,,民生证券股份有限公司,,北京观韬中茂律师事务所,,天职国际会计师事务所(特殊普通合伙),,是,,2020/1/9,80629832,AN202007191392778639,bjqstdzxwlxx,https://notice.eastmoney.com/pdffile/web/H2_AN202007191392778639_1.pdf
北京声迅电子,预先披露更新,中小板,,西部证券股份有限公司,,北京市康达律师事务所,,北京永拓会计师事务所(特殊普通合伙),,是,,2020/1/9,80126294,AN202011151429458991,bjsxdz,https://notice.eastmoney.com/pdffile/web/H2_AN202011151429458991_1.pdf
北京万泰生物药业,已通过发审会,主板企业,,国金证券股份有限公司,,北京市中伦律师事务所,,瑞华会计师事务所(特殊普通合伙),,是,,2020/1/9,80146009,AN202004141377938813,bjwtswyy,https://notice.eastmoney.com/pdffile/web/H2_AN202004141377938813_1.pdf
北京新时空科技,预先披露更新,主板企业,,中信建投证券股份有限公司,,北京市康达律师事务所,,大华会计师事务所(特殊普通合伙),,是,,2020/1/9,80631213,AN202008071396832660,bjxskkj,https://notice.eastmoney.com/pdffile/web/H2_AN202008071396832660_1.pdf
北京正和恒基滨水生态环境治理,已反馈,主板企业,,招商证券股份有限公司,,北京德恒律师事务所,,天健会计师事务所(普通特殊合伙),,是,,2020/1/9,80278535,AN202007101390797607,bjzhhjbssthjzl,https://notice.eastmoney.com/pdffile/web/H2_AN202007101390797607_1.pdf
北京中岩大地科技,预先披露更新,中小板,,中德证券有限责任公司,,北京市竞天公诚律师事务所,,信永中和会计师事务所(特殊普通合伙),,是,,2020/1/9,80462129,AN202009011406153907,bjzyddkj,https://notice.eastmoney.com/pdffile/web/H2_AN202009011406153907_1.pdf
北京直真科技,预先披露更新,中小板,,中德证券有限责任公司,,北京国枫律师事务所,,立信会计师事务所(特殊普通合伙),,是,,2020/1/9,81016888,AN202009091409919646,bjzzkj,https://notice.eastmoney.com/pdffile/web/H2_AN202009091409919646_1.pdf
博纳影业集团,已反馈,中小板,,华龙证券股份有限公司,,北京市通商律师事务所,,瑞华会计师事务所(特殊普通合伙),,是,,2020/1/9,80701793,AN202008241401071931,bnyyjt*,https://notice.eastmoney.com/pdffile/web/H2_AN202008241401071931_1.pdf
亳州药都农村商业银行,预先披露更新,主板企业,,华泰联合证券有限责任公司,,北京德恒律师事务所,,瑞华会计师事务所(特殊普通合伙),,是,,2020/1/9,80147421,AN201810091209841424,bzydncsyyx,https://notice.eastmoney.com/pdffile/web/H2_AN201810091209841424_1.pdf
长春吉大正元信息技术,已反馈,中小板,,招商证券股份有限公司,,北京国枫律师事务所,,天职国际会计师事务所(特殊普通合伙),,是,,2020/1/9,80995108,AN202012131439721704,ccjdzyxxjs,https://notice.eastmoney.com/pdffile/web/H2_AN202012131439721704_1.pdf
长春英利汽车工业,预先披露更新,主板企业,,中信证券股份有限公司,,北京市中伦律师事务所,,普华永道中天会计师事务所(特殊普通合伙),,是,,2020/1/9,80995109,AN201912261372658152,ccylqcgy,https://notice.eastmoney.com/pdffile/web/H2_AN201912261372658152_1.pdf
成都彩虹电器(集团),已反馈,中小板,,华西证券股份有限公司,,北京市天元律师事务所,,四川华信(集团)会计师事务所(特殊普通合伙),,是,,2020/1/9,80012732,AN202011301434747319,cdchdqjt*,https://notice.eastmoney.com/pdffile/web/H2_AN202011301434747319_1.pdf
成都立航科技,已反馈,主板企业,,华西证券股份有限公司,,泰和泰律师事务所,,信永中和会计师事务所(特殊普通合伙),,是,,2020/1/9,80995269,AN202004071377711794,cdlhkj*,https://notice.eastmoney.com/pdffile/web/H2_AN202004071377711794_1.pdf
成都天箭科技,已通过发审会,中小板,,中信建投证券股份有限公司,,北京市中伦律师事务所,,立信中联会计师事务所(特殊普通合伙),,是,,2020/1/9,80959937,AN202003021375748880,cdtjkj*,https://notice.eastmoney.com/pdffile/web/H2_AN202003021375748880_1.pdf
财达证券,已受理,主板企业,,中信建投证券股份有限公司,,北京市嘉源律师事务所,,中审众环会计师事务所(特殊普通合伙),,否,,2020/1/9,80000165,AN202010141421368191,cdzq,https://notice.eastmoney.com/pdffile/web/H2_AN202010141421368191_1.pdf
常州澳弘电子,已反馈,主板企业,,国金证券股份有限公司,,上海市锦天城律师事务所,,大华会计师事务所(特殊普通合伙),,是,,2020/1/9,81018323,AN202009301418260910,czahdz,https://notice.eastmoney.com/pdffile/web/H2_AN202009301418260910_1.pdf
宸展光电(厦门),已反馈,中小板,,海通证券股份有限公司,,北京市天元律师事务所,,立信会计师事务所(特殊普通合伙),,是,,2020/1/9,80995268,AN202011011425517622,czgdxm,https://notice.eastmoney.com/pdffile/web/H2_AN202011011425517622_1.pdf
常州市凯迪电器,预先披露更新,主板企业,,中信建投证券股份有限公司,,浙江天册律师事务所,,天健会计师事务所(特殊普通合伙),,是,,2020/1/9,80975289,AN202005171379856182,czskddq,https://notice.eastmoney.com/pdffile/web/H2_AN202005171379856182_1.pdf
德才装饰,已反馈,主板企业,,光大证券股份有限公司,,上海市锦天城律师事务所,,和信会计师事务所(特殊普通合伙),,否,,2020/1/9,80995274,AN202006191386064398,dczs,https://notice.eastmoney.com/pdffile/web/H2_AN202006191386064398_1.pdf
东方航空物流,已反馈,主板企业,,中国国际金融股份有限公司,,北京市通商律师事务所,,天职国际会计师事务所(特殊普通合伙),,是,,2020/1/9,80418885,AN202005111379562153,dfhkwl,https://notice.eastmoney.com/pdffile/web/H2_AN202005111379562153_1.pdf
东莞市奥海科技,预先披露更新,中小板,,国金证券股份有限公司,,广东信达律师事务所,,天健会计师事务所(特殊普通合伙),,是,,2020/1/9,80989214,AN202007301395378126,dgsahkj,https://notice.eastmoney.com/pdffile/web/H2_AN202007301395378126_1.pdf
东莞银行,预先披露更新,中小板,,招商证券股份有限公司,,江苏世纪同仁律师事务所,,毕马威华振会计师事务所(特殊普通合伙),,是,,2020/1/9,80058609,AN201911061370459950,dgyx,https://notice.eastmoney.com/pdffile/web/H2_AN201911061370459950_1.pdf
东莞证券,预先披露更新,中小板,,东方花旗证券有限公司,,国浩律师(北京)事务所,,中审众环会计师事务所(特殊普通合伙),,是,,2020/1/9,80000081,AN201701110259653115,dgzq,https://notice.eastmoney.com/pdffile/web/H2_AN201701110259653115_1.pdf
大连万达商业地产,已反馈,主板企业,,中国银河证券股份有限公司&sbquo;中国国际金融股份有限公司,,北京市天元律师事务所,,大华会计师事务所(特殊普通合伙),,是,,2020/1/9,80161192,AN201511130011407869,dlwdsydc,https://notice.eastmoney.com/pdffile/web/H2_AN201511130011407869_1.pdf
福然德,预先披露更新,主板企业,,中信建投证券股份有限公司,,国浩律师(上海)事务所,,天健会计师事务所(特殊普通合伙),,是,,2020/1/9,80510658,AN202009081409075880,frd,https://notice.eastmoney.com/pdffile/web/H2_AN202009081409075880_1.pdf
法狮龙家居建材,已反馈,主板企业,,中德证券有限责任公司,,国浩律师(杭州)事务所,,天健会计师事务所(特殊普通合伙),,是,,2020/1/9,80974172,AN202007201392779697,fsljjjc,https://notice.eastmoney.com/pdffile/web/H2_AN202007201392779697_1.pdf
广东朝阳电子科技,已通过发审会,中小板,,民生证券股份有限公司,,广东广信君达律师事务所,,广东正中珠江会计师事务所(特殊普通合伙),,是,,2020/1/9,80637366,AN202004061377669469,gdcydzkj,https://notice.eastmoney.com/pdffile/web/H2_AN202004061377669469_1.pdf
广东东鹏控股,已通过发审会,中小板,,中国国际金融股份有限公司,,北京市金杜律师事务所,,德勤华永会计师事务所(特殊普通合伙),,是,,2020/1/9,80684597,AN202009271417787018,gddpkg,https://notice.eastmoney.com/pdffile/web/H2_AN202009271417787018_1.pdf
广东豪美新材,预先披露更新,中小板,,光大证券股份有限公司,,北京市君泽君律师事务所,,华普天健会计师事务所(特殊普通合伙),,是,,2020/1/9,80997121,AN202005051379299662,gdhmxc,https://notice.eastmoney.com/pdffile/web/H2_AN202005051379299662_1.pdf
广东南海农村商业银行,已反馈,中小板,,国泰君安证券股份有限公司,,北京市金杜律师事务所,,毕马威华振会计师事务所(特殊普通合伙),,是,,2020/1/9,80071867,AN202001101373853545,gdnhncsyyx,https://notice.eastmoney.com/pdffile/web/H2_AN202001101373853545_1.pdf
广东顺德农村商业银行,已反馈,中小板,,中国国际金融股份有限公司,,江苏世纪同仁律师事务所,,安永华明会计师事务所(特殊普通合伙),,是,,2020/1/9,80058623,AN202004031377612257,gdsdncsyyx,https://notice.eastmoney.com/pdffile/web/H2_AN202004031377612257_1.pdf
广东三和管桩,已受理,中小板,,招商证券股份有限公司,,北京市通商律师事务所,,立信会计师事务所,,否,,2020/1/9,81024311,AN202101241453919060,gdshgz,https://notice.eastmoney.com/pdffile/web/H2_AN202101241453919060_1.pdf
广东顺控发展,已反馈,中小板,,中国银河证券股份有限公司,,北京市中伦律师事务所,,天职国际会计师事务所(特殊普通合伙),,否,,2020/1/9,80199611,AN202005111379566151,gdskfz,https://notice.eastmoney.com/pdffile/web/H2_AN202005111379566151_1.pdf
广东天禾农资,已反馈,中小板,,招商证券股份有限公司,,北京国枫律师事务所,,广东正中珠江会计师事务所(特殊普通合伙),,是,,2020/1/9,80206277,AN202008241400851784,gdthnz,https://notice.eastmoney.com/pdffile/web/H2_AN202008241400851784_1.pdf
广东天元实业集团,已反馈,中小板,,国泰君安证券股份有限公司,,湖南启元律师事务所,,致同会计师事务所(特殊普通合伙),,是,,2020/1/9,80466475,AN202009071409074314,gdtysyjt,https://notice.eastmoney.com/pdffile/web/H2_AN202009071409074314_1.pdf
广东粤海饲料集团,已反馈,中小板,,中国国际金融股份有限公司,,国浩律师(深圳)事务所,,天职国际会计师事务所(特殊普通合伙),,是,,2020/1/9,80302948,AN202012311445785194,gdyhsljt,https://notice.eastmoney.com/pdffile/web/H2_AN202012311445785194_1.pdf
广东粤运交通,预先披露更新,中小板,,中信证券股份有限公司,,北京市嘉源律师事务所,,毕马威华振会计师事务所(特殊普通合伙),,是,,2020/1/9,80031922,AN201905171330794806,gdyyjt,https://notice.eastmoney.com/pdffile/web/H2_AN201905171330794806_1.pdf
甘李药业,已通过发审会,主板企业,,中信证券股份有限公司,,北京市中伦律师事务所,,安永华明会计师事务所(特殊普通合伙),,是,,2020/1/9,80107569,AN202006151384926000,glyy,https://notice.eastmoney.com/pdffile/web/H2_AN202006151384926000_1.pdf
国联证券,预先披露更新,主板企业,,南京证券股份有限公司,,国浩律师(上海)事务所,,德勤华永会计师事务所(特殊普通合伙),,是,,2020/1/9,80000028,AN202007201392779708,glzq,https://notice.eastmoney.com/pdffile/web/H2_AN202007201392779708_1.pdf
甘源食品,预先披露更新,中小板,,国信证券股份有限公司,,北京市中伦律师事务所,,天健会计师事务所(特殊普通合伙),,是,,2020/1/9,80994683,AN202007201392990783,gysp,https://notice.eastmoney.com/pdffile/web/H2_AN202007201392990783_1.pdf
广州地铁设计研究院,预先披露更新,中小板,,华泰联合证券有限责任公司,,北京市中伦律师事务所,,立信会计师事务所(特殊普通合伙),,是,,2020/1/9,81011557,AN202009291418259374,gzdtsjyjy,https://notice.eastmoney.com/pdffile/web/H2_AN202009291418259374_1.pdf
广州富力地产,已反馈,主板企业,,招商证券股份有限公司&sbquo;中信证券股份有限公司,,广东华商律师事务所,,立信会计师事务所(特殊普通合伙),,是,,2020/1/9,10002327,,gzfldc,https://notice.eastmoney.com/pdffile/web/H2__1.pdf
广州九恒条码,已反馈,主板企业,,东兴证券股份有限公司,,北京市金杜律师事务所,,信永中和会计师事务所(特殊普通合伙),,是,,2020/1/9,80995279,AN202005150055868509,gzjhtm,https://notice.eastmoney.com/pdffile/web/H2_AN202005150055868509_1.pdf
广州农村商业银行,预先披露更新,中小板,,中国国际金融股份有限公司,,北京市金杜律师事务所,,普华永道中天会计师事务所(特殊普通合伙),,是,,2020/1/9,80071545,AN201912201372330821,gzncsyyx,https://notice.eastmoney.com/pdffile/web/H2_AN201912201372330821_1.pdf
广州若羽臣科技,已反馈,中小板,,中国国际金融股份有限公司,,北京市中伦律师事务所,,天健会计师事务所(特殊普通合伙),,是,,2020/1/9,80455880,AN202009141412521504,gzryckj,https://notice.eastmoney.com/pdffile/web/H2_AN202009141412521504_1.pdf
贵州三力制药,已通过发审会,主板企业,,申港证券股份有限公司,,北京国枫律师事务所,,立信会计师事务所(特殊普通合伙),,是,,2020/1/9,80424522,AN202004151378000942,gzslzy*,https://notice.eastmoney.com/pdffile/web/H2_AN202004151378000942_1.pdf
河北华通线缆集团,已反馈,主板企业,,东兴证券股份有限公司,,北京市竞天公诚律师事务所,,立信会计师事务所(特殊普通合伙),,是,,2020/1/9,80474735,AN202004201378274199,hbhtxljt,https://notice.eastmoney.com/pdffile/web/H2_AN202004201378274199_1.pdf
湖北均瑶大健康饮品,已反馈,主板企业,,国泰君安证券股份有限公司&sbquo;爱建证券有限责任公司,,国浩律师(上海)事务所,,瑞华会计师事务所(特殊普通合伙),,是,,2020/1/9,80997784,AN202008051396419041,hbjydjkyp,https://notice.eastmoney.com/pdffile/web/H2_AN202008051396419041_1.pdf
湖北祥云(集团)化工,已反馈,主板企业,,长江证券承销保荐有限公司,,国浩律师(上海)事务所,,致同会计师事务所(特殊普通合伙),,是,,2020/1/9,80205138,AN201812281280414839,hbxyjthg,https://notice.eastmoney.com/pdffile/web/H2_AN201812281280414839_1.pdf
河北中瓷电子科技,已反馈,中小板,,中航证券有限公司,,北京市嘉源律师事务所,,大华会计师事务所(特殊普通合伙),,否,,2020/1/9,80994472,AN202012201442283613,hbzcdzkj,https://notice.eastmoney.com/pdffile/web/H2_AN202012201442283613_1.pdf
华丰动力,预先披露更新,主板企业,,国金证券股份有限公司,,上海市锦天城律师事务所,,大信会计师事务所(特殊普通合伙),,是,,2020/1/9,80134170,AN202007281394596028,hfdl,https://notice.eastmoney.com/pdffile/web/H2_AN202007281394596028_1.pdf
合肥立方制药,已反馈,中小板,,民生证券股份有限公司,,北京市竞天公诚律师事务所,,中汇会计师事务所(特殊普通合伙),,否,,2020/1/9,80404405,AN202011101428092653,hflfzy,https://notice.eastmoney.com/pdffile/web/H2_AN202011101428092653_1.pdf
海南葫芦娃药业集团,已反馈,主板企业,,中信建投证券股份有限公司,,北京国枫律师事务所,,天健会计师事务所(特殊普通合伙),,是,,2020/1/9,80384825,AN202006241386900342,hnhlwyyjt,https://notice.eastmoney.com/pdffile/web/H2_AN202006241386900342_1.pdf
湖南和顺石油,已通过发审会,主板企业,,信达证券股份有限公司,,北京市中伦律师事务所,,华普天健会计师事务所(特殊普通合伙),,是,,2020/1/9,80648467,AN202003031375748986,hnhssy,https://notice.eastmoney.com/pdffile/web/H2_AN202003031375748986_1.pdf
河南蓝天燃气,预先披露更新,主板企业,,招商证券股份有限公司,,北京市君致律师事务所,,德勤华永会计师事务所(特殊普通合伙),,是,,2020/1/9,80187274,AN202101191451959582,hnltrq,https://notice.eastmoney.com/pdffile/web/H2_AN202101191451959582_1.pdf
湖南湘佳牧业,已通过发审会,中小板,,民生证券股份有限公司,,湖南启元律师事务所,,天健会计师事务所(特殊普通合伙),,是,,2020/1/9,80373753,AN202004131377938662,hnxjmy,https://notice.eastmoney.com/pdffile/web/H2_AN202004131377938662_1.pdf
湖南宇新能源科技,预先披露更新,中小板,,安信证券股份有限公司,,江苏世纪同仁律师事务所,,天健会计师事务所(特殊普通合伙),,是,,2020/1/9,80994768,AN202004241378529044,hnyxnykj,https://notice.eastmoney.com/pdffile/web/H2_AN202004241378529044_1.pdf
海天水务集团股份公司,已反馈,主板企业,,华西证券股份有限公司,,北京市金杜律师事务所,,信永中和会计师事务所(特殊普通合伙),,是,,2020/1/9,80501342,AN202006191386064198,htswjtgfgs*,https://notice.eastmoney.com/pdffile/web/H2_AN202006191386064198_1.pdf
华文食品,预先披露更新,中小板,,民生证券股份有限公司,,湖南启元律师事务所,,中审众环会计师事务所(特殊普通合伙),,是,,2020/1/9,81002494,AN202009011406153900,hwsp,https://notice.eastmoney.com/pdffile/web/H2_AN202009011406153900_1.pdf
合兴汽车电子,已反馈,主板企业,,国泰君安证券股份有限公司,,国浩律师(上海)事务所,,天健会计师事务所(特殊普通合伙),,是,,2020/1/9,80994694,AN202101061447674293,hxqcdz,https://notice.eastmoney.com/pdffile/web/H2_AN202101061447674293_1.pdf
弘业期货,预先披露更新,中小板,,招商证券股份有限公司,,北京市竞天公诚律师事务所,,毕马威华振会计师事务所(特殊普通合伙),,是,,2020/1/9,80044916,AN201905221331659852,hyqh,https://notice.eastmoney.com/pdffile/web/H2_AN201905221331659852_1.pdf
惠州迪芬尼声学科技,已受理,中小板,,申万宏源证券承销保荐有限责任公司,,上海市锦天城律师事务所,,普华永道中天会计师事务所(特殊普通合伙),,否,,2020/1/9,81018307,AN202001031373480284,hzdfnsxkj,https://notice.eastmoney.com/pdffile/web/H2_AN202001031373480284_1.pdf
杭州格林达电子材料,已反馈,主板企业,,兴业证券股份有限公司,,浙江天册律师事务所,,致同会计师事务所(特殊普通合伙),,是,,2020/1/9,80995283,AN202008061396622754,hzglddzcl,https://notice.eastmoney.com/pdffile/web/H2_AN202008061396622754_1.pdf
杭州华旺新材料科技,预先披露更新,主板企业,,中信建投证券股份有限公司,,北京市金杜律师事务所,,天健会计师事务所(特殊普通合伙),,是,,2020/1/9,80406509,AN202012161440412486,hzhwxclkj,https://notice.eastmoney.com/pdffile/web/H2_AN202012161440412486_1.pdf
杭州豪悦护理用品,已反馈,主板企业,,平安证券股份有限公司,,国浩律师(杭州)事务所,,天健会计师事务所(特殊普通合伙),,是,,2020/1/9,80994689,AN202008271402052452,hzhyhlyp,https://notice.eastmoney.com/pdffile/web/H2_AN202008271402052452_1.pdf
杭州聚合顺新材料,预先披露更新,主板企业,,广发证券股份有限公司,,浙江天册律师事务所,,天健会计师事务所(特殊普通合伙),,是,,2020/1/9,80496452,AN202005151379752613,hzjhsxcl,https://notice.eastmoney.com/pdffile/web/H2_AN202005151379752613_1.pdf
杭州立昂微电子,预先披露更新,主板企业,,东方花旗证券有限公司,,国浩律师(上海)事务所,,中汇会计师事务所(特殊普通合伙),,是,,2020/1/9,80122153,AN202008311404364436,hzlawdz,https://notice.eastmoney.com/pdffile/web/H2_AN202008311404364436_1.pdf
杭州联德精密机械,已反馈,主板企业,,中信证券股份有限公司,,国浩律师(杭州)事务所,,天健会计师事务所(特殊普通合伙),,是,,2020/1/9,80994690,AN202003271377067425,hzldjmjx,https://notice.eastmoney.com/pdffile/web/H2_AN202003271377067425_1.pdf
杭州热电集团,已反馈,主板企业,,平安证券股份有限公司,,上海市锦天城律师事务所,,天健会计师事务所(特殊普通合伙),,是,,2020/1/9,80995286,AN202004031377611961,hzrdjt,https://notice.eastmoney.com/pdffile/web/H2_AN202004031377611961_1.pdf
杭州市园林绿化,已反馈,主板企业,,浙商证券股份有限公司,,国浩律师(杭州)事务所,,立信会计师事务所(特殊普通合伙),,是,,2020/1/9,80463423,AN202101191451959577,hzsyllh,https://notice.eastmoney.com/pdffile/web/H2_AN202101191451959577_1.pdf
杭州西子智能停车,预先披露更新,主板企业,,中信建投证券股份有限公司,,浙江天册律师事务所,,天健会计师事务所(特殊普通合伙),,是,,2020/1/9,80124351,AN201802271095029511,hzxzzntc,https://notice.eastmoney.com/pdffile/web/H2_AN201802271095029511_1.pdf
京北方信息技术,预先披露更新,中小板,,华融证券股份有限公司,,北京金诚同达律师事务所,,天职国际会计师事务所(特殊普通合伙),,是,,2020/1/9,80989211,AN202004211378366417,jbfxxjs,https://notice.eastmoney.com/pdffile/web/H2_AN202004211378366417_1.pdf
金富科技,已反馈,中小板,,中信证券股份有限公司,,北京市康达律师事务所,,容诚会计师事务所(特殊普通合伙),,是,,2020/1/9,80995290,AN202010261423805540,jfkj,https://notice.eastmoney.com/pdffile/web/H2_AN202010261423805540_1.pdf
金辉集团,已反馈,主板企业,,中信证券股份有限公司,,北京德恒律师事务所,,致同会计师事务所(特殊普通合伙),,是,,2020/1/9,80476681,AN201601290013318503,jhjt,https://notice.eastmoney.com/pdffile/web/H2_AN201601290013318503_1.pdf
佳禾食品工业,已反馈,主板企业,,东吴证券股份有限公司,,北京国枫律师事务所,,天衡会计师事务所(特殊普通合伙),,否,,2020/1/9,80998816,AN202010141421367616,jhspgy,https://notice.eastmoney.com/pdffile/web/H2_AN202010141421367616_1.pdf
晶科电力科技,已通过发审会,主板企业,,中信建投证券股份有限公司,,北京市君合律师事务所,,天健会计师事务所(特殊普通合伙),,是,,2020/1/9,80318588,AN202004301379072689,jkdlkj,https://notice.eastmoney.com/pdffile/web/H2_AN202004301379072689_1.pdf
济南圣泉集团,已受理,主板企业,,长城证券股份有限公司,,北京国枫律师事务所,,信永中和会计师事务所(特殊普通合伙),,否,,2020/1/9,80304554,AN202008171399191093,jnsqjt,https://notice.eastmoney.com/pdffile/web/H2_AN202008171399191093_1.pdf
江苏必得科技,已反馈,主板企业,,兴业证券股份有限公司,,江苏世纪同仁律师事务所,,容诚会计师事务所(特殊普通合伙),,是,,2020/1/9,80443884,AN202005011379175104,jsbdkj,https://notice.eastmoney.com/pdffile/web/H2_AN202005011379175104_1.pdf
江苏博迁新材料,已反馈,主板企业,,海通证券股份有限公司,,上海市瑛明律师事务所,,中汇会计师事务所(特殊普通合伙),,是,,2020/1/9,80509040,AN202012061437319946,jsbqxcl,https://notice.eastmoney.com/pdffile/web/H2_AN202012061437319946_1.pdf
江苏长龄液压,已反馈,主板企业,,广发证券股份有限公司,,上海市广发律师事务所,,天健会计师事务所(特殊普通合伙),,是,,2020/1/9,80176063,AN202009161413600776,jsclyy,https://notice.eastmoney.com/pdffile/web/H2_AN202009161413600776_1.pdf
江苏传智播客教育科技,预先披露更新,中小板,,中信建投证券股份有限公司,,北京市天元律师事务所,,德勤华永会计师事务所(特殊普通合伙),,是,,2020/1/9,80533669,AN202012301445017869,jsczbkjykj,https://notice.eastmoney.com/pdffile/web/H2_AN202012301445017869_1.pdf
江苏大丰农村商业银行,预先披露更新,中小板,,招商证券股份有限公司,,江苏世纪同仁律师事务所,,立信会计师事务所(特殊普通合伙),,是,,2020/1/9,80071838,AN201805081139501420,jsdfncsyyx,https://notice.eastmoney.com/pdffile/web/H2_AN201805081139501420_1.pdf
江苏德纳化学,预先披露更新,主板企业,,广发证券股份有限公司,,上海市协力律师事务所,,立信会计师事务所(特殊普通合伙),,是,,2020/1/9,80701787,AN201805241148371332,jsdnhx,https://notice.eastmoney.com/pdffile/web/H2_AN201805241148371332_1.pdf
江苏共创人造草坪,预先披露更新,主板企业,,中信证券股份有限公司,,上海市瑛明律师事务所,,天健会计师事务所(特殊普通合伙),,是,,2020/1/9,80328865,AN202009171413617021,jsgcrzcp,https://notice.eastmoney.com/pdffile/web/H2_AN202009171413617021_1.pdf
江苏海安农村商业银行,预先披露更新,主板企业,,国泰君安证券股份有限公司,,北京炜衡(上海)律师事务所,,天健会计师事务所(特殊普通合伙),,是,,2020/1/9,80071818,AN201904011312808845,jshancsyyx,https://notice.eastmoney.com/pdffile/web/H2_AN201904011312808845_1.pdf
江苏剑牌农化,已反馈,主板企业,,东吴证券股份有限公司,,国浩律师(北京)事务所,,天衡会计师事务所(特殊普通合伙),,是,,2020/1/9,80303478,AN201906281336808726,jsjpnh,https://notice.eastmoney.com/pdffile/web/H2_AN201906281336808726_1.pdf
江苏昆山农村商业银行,预先披露更新,主板企业,,中信建投证券股份有限公司,,江苏世纪同仁律师事务所,,江苏苏亚金诚会计师事务所(特殊普通合伙),,是,,2020/1/9,80078020,AN201906141335093749,jsksncsyyx,https://notice.eastmoney.com/pdffile/web/H2_AN201906141335093749_1.pdf
江苏日久光电,已反馈,中小板,,中信证券股份有限公司,,上海市锦天城律师事务所,,容诚会计师事务所(特殊普通合伙),,是,,2020/1/9,80457116,AN202009291418259373,jsrjgd,https://notice.eastmoney.com/pdffile/web/H2_AN202009291418259373_1.pdf
江苏嵘泰工业,预先披露更新,主板企业,,广发证券股份有限公司,,北京市环球律师事务所,,中汇会计师事务所(特殊普通合伙),,是,,2020/1/9,80994701,AN202102021457271118,jsrtgy,https://notice.eastmoney.com/pdffile/web/H2_AN202102021457271118_1.pdf
江苏同力日升机械,已反馈,主板企业,,中原证券股份有限公司,,北京市中伦律师事务所,,天衡会计师事务所(特殊普通合伙),,否,,2020/1/9,81016879,AN202005081379473209,jstlrsjx,https://notice.eastmoney.com/pdffile/web/H2_AN202005081379473209_1.pdf
江苏协和电子,已反馈,主板企业,,民生证券股份有限公司,,北京金诚同达律师事务所,,立信会计师事务所(特殊普通合伙),,是,,2020/1/9,80545327,AN202011181430433411,jsxhdz,https://notice.eastmoney.com/pdffile/web/H2_AN202011181430433411_1.pdf
江西晨光新材料,已反馈,主板企业,,国元证券股份有限公司,,北京市嘉源律师事务所,,江苏苏亚金诚会计师事务所(特殊普通合伙),,是,,2020/1/9,81007457,AN202007221393217773,jxcgxcl,https://notice.eastmoney.com/pdffile/web/H2_AN202007221393217773_1.pdf
江西国光商业连锁,预先披露更新,主板企业,,中信证券股份有限公司,,北京市金杜律师事务所,,瑞华会计师事务所(特殊普通合伙),,是,,2020/1/9,80994702,AN202006241386900345,jxggsyls,https://notice.eastmoney.com/pdffile/web/H2_AN202006241386900345_1.pdf
聚信国际租赁,预先披露更新,主板企业,,国泰君安证券股份有限公司,,北京市金杜律师事务所,,立信会计师事务所(特殊普通合伙),,是,,2020/1/9,80393777,AN201607150016596674,jxgjzl,https://notice.eastmoney.com/pdffile/web/H2_AN201607150016596674_1.pdf
江西宏柏新材料,预先披露更新,主板企业,,中信证券股份有限公司,,北京市中伦律师事务所,,中汇会计师事务所(特殊普通合伙),,是,,2020/1/9,80543512,AN202007301395159610,jxhbxcl,https://notice.eastmoney.com/pdffile/web/H2_AN202007301395159610_1.pdf
江西九丰能源,已受理,主板企业,,中国国际金融股份有限公司,,北京国枫律师事务所,,致同会计师事务所(特殊普通合伙),,否,,2020/1/9,80935216,AN202011231432108163,jxjfny,https://notice.eastmoney.com/pdffile/web/H2_AN202011231432108163_1.pdf
科迈化工,已反馈,主板企业,,民生证券股份有限公司,,北京市中伦律师事务所,,立信会计师事务所(特殊普通合伙),,是,,2020/1/9,80338815,AN201906281336809897,kmhg,https://notice.eastmoney.com/pdffile/web/H2_AN201906281336809897_1.pdf
昆山沪光汽车电器,预先披露更新,主板企业,,中信建投证券股份有限公司,,北京国枫律师事务所,,立信会计师事务所(特殊普通合伙),,是,,2020/1/9,80975290,AN202007151391691738,kshgqcdq,https://notice.eastmoney.com/pdffile/web/H2_AN202007151391691738_1.pdf
联泓新材料科技,预先披露更新,中小板,,中国国际金融股份有限公司,,北京市金杜律师事务所,,信永中和会计师事务所(特殊普通合伙),,是,,2020/1/9,80994704,AN202011231432224375,lhxclkj,https://notice.eastmoney.com/pdffile/web/H2_AN202011231432224375_1.pdf
良品铺子,已通过发审会,主板企业,,广发证券股份有限公司,,北京市金杜律师事务所,,普华永道中天会计师事务所(特殊普通合伙),,是,,2020/1/9,80206101,AN202001211374405039,lppz,https://notice.eastmoney.com/pdffile/web/H2_AN202001211374405039_1.pdf
龙岩高岭土,已反馈,主板企业,,兴业证券股份有限公司,,福建至理律师事务所,,容诚会计师事务所(特殊普通合伙),,否,,2020/1/9,81041743,AN202007101390797603,lyglt,https://notice.eastmoney.com/pdffile/web/H2_AN202007101390797603_1.pdf
乐元素科技(北京),预先披露更新,主板企业,,华泰联合证券有限责任公司,,北京市金杜律师事务所,,安永华明会计师事务所(特殊普通合伙),,是,,2020/1/9,80624366,AN201804121122139451,lyskjbj,https://notice.eastmoney.com/pdffile/web/H2_AN201804121122139451_1.pdf
兰州银行,预先披露更新,中小板,,中信建投证券股份有限公司,,北京大成律师事务所,,致同会计师事务所(特殊普通合伙),,是,,2020/1/9,80056162,AN201804041117761561,lzyx*,https://notice.eastmoney.com/pdffile/web/H2_AN201804041117761561_1.pdf
毛戈平化妆品,预先披露更新,主板企业,,长江证券承销保荐有限公司,,北京国枫律师事务所,,天健会计师事务所(特殊普通合伙),,是,,2020/1/9,80605377,AN201709110876295278,mgphzp,https://notice.eastmoney.com/pdffile/web/H2_AN201709110876295278_1.pdf
明冠新材料,预先披露更新,中小板,,民生证券股份有限公司,,北京国枫律师事务所,,天健会计师事务所(特殊普通合伙),,是,,2020/1/9,80553688,AN202012171441337749,mgxcl,https://notice.eastmoney.com/pdffile/web/H2_AN202012171441337749_1.pdf
明新旭腾新材料,已反馈,主板企业,,第一创业证券承销保荐有限责任公司,,上海市锦天城律师事务所,,天健会计师事务所(特殊普通合伙),,是,,2020/1/9,80994707,AN202011101427834819,mxxtxcl,https://notice.eastmoney.com/pdffile/web/H2_AN202011101427834819_1.pdf
宁波长鸿高分子科技,预先披露更新,主板企业,,华西证券股份有限公司,,北京市高朋律师事务所,,立信中联会计师事务所(特殊普通合伙),,是,,2020/1/9,80994951,AN202008111397775744,nbchgfzkj,https://notice.eastmoney.com/pdffile/web/H2_AN202008111397775744_1.pdf
宁波德业科技,已反馈,主板企业,,光大证券股份有限公司,,北京市中伦文德律师事务所,,立信会计师事务所(特殊普通合伙),,是,,2020/1/9,80406565,AN202004171378193490,nbdykj,https://notice.eastmoney.com/pdffile/web/H2_AN202004171378193490_1.pdf
宁波金田铜业(集团),已通过发审会,主板企业,,财通证券股份有限公司,,北京市鑫河律师事务所,,立信会计师事务所(特殊普通合伙),,是,,2020/1/9,80136654,AN202004091377783527,nbjttyjt,https://notice.eastmoney.com/pdffile/web/H2_AN202004091377783527_1.pdf
宁波世茂能源,已受理,主板企业,,东方花旗证券有限公司,,浙江天册律师事务所,,天健会计师事务所(特殊普通合伙),,否,,2020/1/9,80995300,AN202008141398546840,nbsmny,https://notice.eastmoney.com/pdffile/web/H2_AN202008141398546840_1.pdf
宁波市天普橡胶科技,已反馈,主板企业,,财通证券股份有限公司,,国浩律师(杭州)事务所,,立信会计师事务所(特殊普通合伙),,是,,2020/1/9,80995301,AN202008121397918484,nbstpxjkj,https://notice.eastmoney.com/pdffile/web/H2_AN202008121397918484_1.pdf
南侨食品集团(上海),预先披露更新,主板企业,,申万宏源证券承销保荐有限责任公司,,北京市金杜律师事务所,,毕马威华振会计师事务所(特殊普通合伙),,是,,2020/1/9,80922524,AN201812281280410264,nqspjtsh,https://notice.eastmoney.com/pdffile/web/H2_AN201812281280410264_1.pdf
确成硅化学,预先披露更新,主板企业,,中信建投证券股份有限公司,,江苏世纪同仁律师事务所,,立信会计师事务所(特殊普通合伙),,是,,2020/1/9,80439109,AN202011241432226012,qcghx,https://notice.eastmoney.com/pdffile/web/H2_AN202011241432226012_1.pdf
青岛百洋医药,已上发审会，暂缓表决,主板企业,,广发证券股份有限公司,,北京市天元律师事务所,,广东正中珠江会计师事务所(特殊普通合伙),,是,,2020/1/9,80902074,AN202012101438668617,qdbyyy,https://notice.eastmoney.com/pdffile/web/H2_AN202012101438668617_1.pdf
青岛森麒麟轮胎,预先披露更新,中小板,,海通证券股份有限公司,,北京德恒律师事务所,,信永中和会计师事务所(特殊普通合伙),,是,,2020/1/9,80909928,AN202008301404363838,qdsqllt,https://notice.eastmoney.com/pdffile/web/H2_AN202008301404363838_1.pdf
乔丹体育,已通过发审会,主板企业,,中银国际证券有限责任公司,,福建至理律师事务所,,安永华明会计师事务所(特殊普通合伙),,是,,2020/1/9,80191156,,qdty,https://notice.eastmoney.com/pdffile/web/H2__1.pdf
青岛威奥轨道,预先披露更新,主板企业,,中信建投证券股份有限公司,,北京市中伦律师事务所,,致同会计师事务所(特殊普通合伙),,是,,2020/1/9,80895632,AN202005081379429044,qdwagd,https://notice.eastmoney.com/pdffile/web/H2_AN202005081379429044_1.pdf
青岛征和工业,已反馈,中小板,,中国国际金融股份有限公司,,北京市金杜律师事务所,,立信会计师事务所(特殊普通合伙),,是,,2020/1/9,80507564,AN202012281444574401,qdzhgy,https://notice.eastmoney.com/pdffile/web/H2_AN202012281444574401_1.pdf
齐鲁银行,预先披露更新,主板企业,,中信建投证券股份有限公司,,北京市金杜律师事务所,,安永华明会计师事务所(特殊普通合伙),,是,,2020/1/9,80058610,AN201912121371805743,qlyx,https://notice.eastmoney.com/pdffile/web/H2_AN201912121371805743_1.pdf
全美在线(北京)教育科技,预先披露更新,主板企业,,中信建投证券股份有限公司,,北京金诚同达律师事务所,,毕马威华振会计师事务所(特殊普通合伙),,是,,2020/1/9,80455952,AN201911011370194312,qmzxbjjykj,https://notice.eastmoney.com/pdffile/web/H2_AN201911011370194312_1.pdf
衢州五洲特种纸业,预先披露更新,主板企业,,华创证券有限责任公司,,国浩律师(杭州)事务所,,天健会计师事务所(特殊普通合伙),,是,,2020/1/9,80994709,AN202010271423807434,qzwztzzy,https://notice.eastmoney.com/pdffile/web/H2_AN202010271423807434_1.pdf
瑞鹄汽车模具,已反馈,中小板,,安信证券股份有限公司,,北京市竞天公诚律师事务所,,华普天健会计师事务所(特殊普通合伙),,是,,2020/1/9,80479776,AN202008241400851791,rgqcmj,https://notice.eastmoney.com/pdffile/web/H2_AN202008241400851791_1.pdf
四川安宁铁钛,已通过发审会,中小板,,华西证券股份有限公司,,北京市金开律师事务所,,信永中和会计师事务所(特殊普通合伙),,是,,2020/1/9,80145881,AN202003161376525857,scantt*,https://notice.eastmoney.com/pdffile/web/H2_AN202003161376525857_1.pdf
四川菊乐食品,已反馈,中小板,,华安证券股份有限公司,,北京市金杜律师事务所,,信永中和会计师事务所(特殊普通合伙),,否,,2020/1/9,80283659,AN202006111384233285,scjlsp*,https://notice.eastmoney.com/pdffile/web/H2_AN202006111384233285_1.pdf
深圳市宝明科技,预先披露更新,中小板,,中银国际证券股份有限公司,,北京市金杜律师事务所,,华普天健会计师事务所(特殊普通合伙),,是,,2020/1/9,80203675,AN202007211393216888,scsbmkj,https://notice.eastmoney.com/pdffile/web/H2_AN202007211393216888_1.pdf
深圳市华盛昌科技实业,已通过发审会,中小板,,招商证券股份有限公司,,广东华商律师事务所,,大华会计师事务所(特殊普通合伙),,是,,2020/1/9,80966853,AN202003291377162696,scshsckjsy,https://notice.eastmoney.com/pdffile/web/H2_AN202003291377162696_1.pdf
深圳市雷赛智能控制,已通过发审会,中小板,,中信建投证券股份有限公司,,广东华商律师事务所,,容诚会计师事务所(特殊普通合伙),,是,,2020/1/9,80202010,AN202003241376901812,scslsznkz,https://notice.eastmoney.com/pdffile/web/H2_AN202003241376901812_1.pdf
深圳市振邦智能科技,已反馈,中小板,,招商证券股份有限公司,,北京市中伦律师事务所,,瑞华会计师事务所(特殊普通合伙),,是,,2020/1/9,81016892,AN202012131439721703,scszbznkj,https://notice.eastmoney.com/pdffile/web/H2_AN202012131439721703_1.pdf
深圳市兆威机电,已反馈,中小板,,招商证券股份有限公司,,北京德恒律师事务所,,立信会计师事务所(特殊普通合伙),,是,,2020/1/9,80995013,AN202011221431871615,scszwjd,https://notice.eastmoney.com/pdffile/web/H2_AN202011221431871615_1.pdf
深圳威迈斯新能源,已反馈,中小板,,国信证券股份有限公司,,北京德恒律师事务所,,天健会计师事务所(特殊普通合伙),,是,,2020/1/9,80995020,AN202001141374171198,scwmsxny,https://notice.eastmoney.com/pdffile/web/H2_AN202001141374171198_1.pdf
深圳中天精装,预先披露更新,中小板,,中信证券股份有限公司,,广东信达律师事务所,,安永华明会计师事务所(特殊普通合伙),,是,,2020/1/9,80608170,AN202005071379428992,scztjz,https://notice.eastmoney.com/pdffile/web/H2_AN202005071379428992_1.pdf
山东百龙创园生物科技,已受理,主板企业,,中德证券有限责任公司,,北京海润天睿律师事务所,,致同会计师事务所(特殊普通合伙),,否,,2020/1/9,80558344,AN202010201422558558,sdblcyswkj,https://notice.eastmoney.com/pdffile/web/H2_AN202010201422558558_1.pdf
山东玻纤集团,预先披露更新,主板企业,,民生证券股份有限公司,,国浩律师(上海)事务所,,山东和信会计师事务所(特殊普通合伙),,是,,2020/1/9,80511082,AN202008201399749037,sdbxjt,https://notice.eastmoney.com/pdffile/web/H2_AN202008201399749037_1.pdf
山东兆物网络技术,预先披露更新,主板企业,,东吴证券股份有限公司,,北京市天元律师事务所,,上会会计师事务所(特殊普通合伙),,是,,2020/1/9,80975293,AN201906051333810360,sdzwwljs,https://notice.eastmoney.com/pdffile/web/H2_AN201906051333810360_1.pdf
上海华峰铝业,预先披露更新,主板企业,,兴业证券股份有限公司,,北京海润天睿律师事务所,,立信会计师事务所(特殊普通合伙),,是,,2020/1/9,80165027,AN202008251401159129,shhfly,https://notice.eastmoney.com/pdffile/web/H2_AN202008251401159129_1.pdf
上海锦和商业经营管理,已通过发审会,主板企业,,中信建投证券股份有限公司,,北京国枫律师事务所,,立信会计师事务所(特殊普通合伙),,是,,2020/1/9,80280134,AN202004081377725783,shjhsyjygl,https://notice.eastmoney.com/pdffile/web/H2_AN202004081377725783_1.pdf
上海健麾信息技术,预先披露更新,主板企业,,国信证券股份有限公司,,北京市君合律师事务所,,立信会计师事务所(特殊普通合伙),,是,,2020/1/9,80932335,AN202012091438140078,shjhxxjs,https://notice.eastmoney.com/pdffile/web/H2_AN202012091438140078_1.pdf
上海罗曼照明科技,预先披露更新,主板企业,,海通证券股份有限公司,,上海东方华银律师事务所,,上会会计师事务所(特殊普通合伙),,是,,2020/1/9,80366472,AN201905281332593610,shlmzmkj,https://notice.eastmoney.com/pdffile/web/H2_AN201905281332593610_1.pdf
上海丽人丽妆化妆品,预先披露更新,主板企业,,广发证券股份有限公司,,上海市方达律师事务所,,普华永道中天会计师事务所(特殊普通合伙),,是,,2020/1/9,80532667,AN202009161413139475,shlrlzhzp,https://notice.eastmoney.com/pdffile/web/H2_AN202009161413139475_1.pdf
上海漫道金融信息服务,预先披露更新,主板企业,,平安证券股份有限公司,,北京大成律师事务所,,中兴财光华会计师事务所(特殊普通合伙),,是,,2020/1/9,80440000,AN201801171078684193,shmdjrxxfw,https://notice.eastmoney.com/pdffile/web/H2_AN201801171078684193_1.pdf
上海米哈游网络科技,预先披露更新,主板企业,,华林证券股份有限公司,,国浩律师(上海)事务所,,德勤华永会计师事务所(特殊普通合伙),,是,,2020/1/9,80628275,AN201801050012974849,shmhywlkj,https://notice.eastmoney.com/pdffile/web/H2_AN201801050012974849_1.pdf
上海农村商业银行,已反馈,主板企业,,海通证券股份有限公司&sbquo;国泰君安证券股份有限公司,,北京市君合律师事务所,,德勤华永会计师事务所(特殊普通合伙),,是,,2020/1/9,80058622,AN202007081390331721,shncsyyx,https://notice.eastmoney.com/pdffile/web/H2_AN202007081390331721_1.pdf
上海起帆电缆,预先披露更新,主板企业,,海通证券股份有限公司,,上海嘉坦律师事务所,,立信会计师事务所(特殊普通合伙),,是,,2020/1/9,80403617,AN202007201392779703,shqfdl,https://notice.eastmoney.com/pdffile/web/H2_AN202007201392779703_1.pdf
上海盛剑环境系统科技,已反馈,主板企业,,海通证券股份有限公司,,上海市锦天城律师事务所,,中汇会计师事务所(特殊普通合伙),,否,,2020/1/9,80994779,AN202008311404783009,shsjhjxtkj,https://notice.eastmoney.com/pdffile/web/H2_AN202008311404783009_1.pdf
上海太和水环境科技发展,预先披露更新,主板企业,,中原证券股份有限公司,,上海市通力律师事务所,,容诚会计师事务所(特殊普通合伙),,是,,2020/1/9,80995317,AN202101261454245898,shthshjkjfz,https://notice.eastmoney.com/pdffile/web/H2_AN202101261454245898_1.pdf
舒华体育,预先披露更新,主板企业,,中信证券股份有限公司,,北京市竞天公诚律师事务所,,天健会计律师事务所(特殊普通合伙),,是,,2020/1/9,80496722,AN202012011434755486,shty,https://notice.eastmoney.com/pdffile/web/H2_AN202012011434755486_1.pdf
上海行动教育科技,已反馈,主板企业,,安信证券股份有限公司,,江苏世纪同仁律师事务所,,安永华明会计师事务所(特殊普通合伙),,是,,2020/1/9,80390790,AN202004211378354320,shxdjykj,https://notice.eastmoney.com/pdffile/web/H2_AN202004211378354320_1.pdf
上海新炬网络信息技术,已反馈,主板企业,,中国国际金融股份有限公司,,国浩律师事务所,,立信会计师事务所(特殊普通合伙),,是,,2020/1/9,80994782,AN202101071448188417,shxjwlxxjs,https://notice.eastmoney.com/pdffile/web/H2_AN202101071448188417_1.pdf
上海永茂泰汽车科技,已反馈,主板企业,,华泰联合证券有限责任公司,,上海市通力律师事务所,,天健会计师事务所(特殊普通合伙),,是,,2020/1/9,80279275,AN202005011379175091,shymtqckj,https://notice.eastmoney.com/pdffile/web/H2_AN202005011379175091_1.pdf
上海沿浦金属制品,预先披露更新,主板企业,,中银国际证券股份有限公司,,上海市广发律师事务所,,立信会计师事务所(特殊普通合伙),,是,,2020/1/9,80968790,AN202008111397775738,shypjszp,https://notice.eastmoney.com/pdffile/web/H2_AN202008111397775738_1.pdf
上海中谷物流,已反馈,主板企业,,中国国际金融股份有限公司,,北京植德律师事务所,,致同会计师事务所(特殊普通合伙),,是,,2020/1/9,80468163,AN202008251401159122,shzgwl,https://notice.eastmoney.com/pdffile/web/H2_AN202008251401159122_1.pdf
思进智能成形装备,已反馈,中小板,,国元证券股份有限公司,,上海市锦天城律师事务所,,天健会计师事务所(特殊普通合伙),,是,,2020/1/9,80439292,AN202011301434747301,sjzncxzb,https://notice.eastmoney.com/pdffile/web/H2_AN202011301434747301_1.pdf
森林包装集团,预先披露更新,主板企业,,光大证券股份有限公司,,北京国枫律师事务所,,中汇会计师事务所(特殊普通合伙),,是,,2020/1/9,80995309,AN202012081437736656,slbzjt,https://notice.eastmoney.com/pdffile/web/H2_AN202012081437736656_1.pdf
三人行传媒集团,预先披露更新,主板企业,,兴业证券股份有限公司,,北京市中伦律师事务所,,立信会计师事务所(特殊普通合伙),,是,,2020/1/9,80403423,AN202004231378441196,srxcmjt*,https://notice.eastmoney.com/pdffile/web/H2_AN202004231378441196_1.pdf
盛视科技,预先披露更新,中小板,,招商证券股份有限公司,,国浩律师(深圳)事务所,,天健会计师事务所(特殊普通合伙),,是,,2020/1/9,80616324,AN202005121379623111,sskj,https://notice.eastmoney.com/pdffile/web/H2_AN202005121379623111_1.pdf
神通科技集团,预先披露更新,主板企业,,广发证券股份有限公司,,国浩律师(杭州)事务所,,立信会计师事务所(特殊普通合伙),,是,,2020/1/9,80995079,AN202101061447674294,stkjjt,https://notice.eastmoney.com/pdffile/web/H2_AN202101061447674294_1.pdf
陕西北元化工集团,预先披露更新,主板企业,,华泰联合证券有限责任公司,,北京市嘉源律师事务所,,希格玛会计师事务所(特殊普通合伙),,是,,2020/1/9,80139860,AN202009291418012553,sxbyhgjt*,https://notice.eastmoney.com/pdffile/web/H2_AN202009291418012553_1.pdf
山西壶化集团,预先披露更新,中小板,,广发证券股份有限公司,,北京国枫律师事务所,,信永中和会计师事务所(特殊普通合伙),,是,,2020/1/9,80426001,AN202009061408472149,sxhhjt,https://notice.eastmoney.com/pdffile/web/H2_AN202009061408472149_1.pdf
山西华翔集团,预先披露更新,主板企业,,国泰君安证券股份有限公司,,北京市康达律师事务所,,天健会计师事务所(特殊普通合伙),,是,,2020/1/9,80369437,AN202009011405041223,sxhxjt,https://notice.eastmoney.com/pdffile/web/H2_AN202009011405041223_1.pdf
陕西美能清洁能源集团,已反馈,中小板,,西部证券股份有限公司,,北京市中伦律师事务所,,希格玛会计师事务所(特殊普通合伙),,否,,2020/1/9,80496071,AN201911221371034596,sxmnqjnyjt*,https://notice.eastmoney.com/pdffile/web/H2_AN201911221371034596_1.pdf
陕西中天火箭技术,预先披露更新,中小板,,光大证券股份有限公司,,北京观韬中茂律师事务所,,中审众环会计师事务所(特殊普通合伙),,是,,2020/1/9,80635679,AN202009131411631583,sxzthjjs*,https://notice.eastmoney.com/pdffile/web/H2_AN202009131411631583_1.pdf
税友软件集团,已反馈,主板企业,,国金证券股份有限公司,,浙江京衡律师事务所,,天健会计师事务所(特殊普通合伙),,否,,2020/1/9,81000275,AN202005111379566166,syrjjt,https://notice.eastmoney.com/pdffile/web/H2_AN202005111379566166_1.pdf
苏州华亚智能科技,预先披露更新,中小板,,东吴证券股份有限公司,,上海市锦天城律师事务所,,天衡会计师事务所(特殊普通合伙),,是,,2020/1/9,80922525,AN201812181271990498,szhyznkj,https://notice.eastmoney.com/pdffile/web/H2_AN201812181271990498_1.pdf
苏州林华医疗器械,已受理,主板企业,,国泰君安证券股份有限公司,,上海市锦天城律师事务所,,天职国际会计师事务所(特殊普通合伙),,否,,2020/1/9,80462062,AN202006191386064197,szlhylqx,https://notice.eastmoney.com/pdffile/web/H2_AN202006191386064197_1.pdf
苏州瑞玛精密工业,已通过发审会,中小板,,华林证券股份有限公司,,安徽承义律师事务所,,华普天健会计师事务所(特殊普通合伙),,是,,2020/1/9,80975292,AN202002241375437953,szrmjmgy,https://notice.eastmoney.com/pdffile/web/H2_AN202002241375437953_1.pdf
苏州赛伍应用技术,已通过发审会,主板企业,,东吴证券股份有限公司,,上海市广发律师事务所,,天衡会计师事务所(特殊普通合伙),,是,,2020/1/9,80746563,AN202004171378125202,szswyyjs,https://notice.eastmoney.com/pdffile/web/H2_AN202004171378125202_1.pdf
苏州市味知香食品,已受理,主板企业,,国泰君安证券股份有限公司,,北京国枫律师事务所,,公证天业会计师事务所(特殊普通合伙),,否,,2020/1/9,81025421,AN202008141398546629,szswzxsp,https://notice.eastmoney.com/pdffile/web/H2_AN202008141398546629_1.pdf
天津同仁堂集团,已受理,主板企业,,民生证券股份有限公司,,天津嘉德恒时律师事务所,,瑞华会计师事务所(特殊普通合伙),,是,,2020/1/9,80177263,AN201804201127189174,tjtrtjt,https://notice.eastmoney.com/pdffile/web/H2_AN201804201127189174_1.pdf
天津友发钢管集团,已反馈,主板企业,,东兴证券股份有限公司,,北京德恒律师事务所,,立信会计师事务所(特殊普通合伙),,是,,2020/1/9,81018317,AN202011231431875599,tjyfggjt,https://notice.eastmoney.com/pdffile/web/H2_AN202011231431875599_1.pdf
同庆楼餐饮,已通过发审会,主板企业,,国元证券股份有限公司,,上海市锦天城律师事务所,,华普天健会计师事务所(特殊普通合伙),,是,,2020/1/9,80509336,AN202007031389034695,tqlcy,https://notice.eastmoney.com/pdffile/web/H2_AN202007031389034695_1.pdf
同兴环保科技,预先披露更新,中小板,,首创证券有限责任公司,,安徽天禾律师事务所,,华普天健会计师事务所(特殊普通合伙),,是,,2020/1/9,80994785,AN202012061437341576,txhbkj,https://notice.eastmoney.com/pdffile/web/H2_AN202012061437341576_1.pdf
万代服装,已反馈,中小板,,中天国富证券有限公司,,北京市中伦律师事务所,,立信会计师事务所(特殊普通合伙),,是,,2020/1/9,80994995,AN202004171378193489,wdfz,https://notice.eastmoney.com/pdffile/web/H2_AN202004171378193489_1.pdf
王力安防科技,预先披露更新,主板企业,,海通证券股份有限公司,,国浩律师(杭州)事务所,,天健会计师事务所(特殊普通合伙),,是,,2020/1/9,80994722,AN202102041458462431,wlafkj,https://notice.eastmoney.com/pdffile/web/H2_AN202102041458462431_1.pdf
万联证券,已反馈,主板企业,,瑞银证券有限责任公司,,北京市金杜律师事务所,,德勤华永会计师事务所(特殊普通合伙),,是,,2020/1/9,80000187,AN201907051337802899,wlzq,https://notice.eastmoney.com/pdffile/web/H2_AN201907051337802899_1.pdf
伟时电子,预先披露更新,主板企业,,民生证券股份有限公司,,北京国枫律师事务所,,德勤华永会计师事务所(特殊普通合伙),,是,,2020/1/9,81011559,AN202009151412523869,wsdz,https://notice.eastmoney.com/pdffile/web/H2_AN202009151412523869_1.pdf
无锡化工装备,已反馈,中小板,,兴业证券股份有限公司,,上海市锦天城律师事务所,,立信会计师事务所(特殊普通合伙),,是,,2020/1/9,80463404,AN201906141335094152,wxhgzb,https://notice.eastmoney.com/pdffile/web/H2_AN201906141335094152_1.pdf
无锡派克新材料科技,预先披露更新,主板企业,,东兴证券股份有限公司,,上海市锦天城律师事务所,,江苏公证天业会计师事务所(特殊普通合伙),,是,,2020/1/9,81011560,AN202008121397918492,wxpkxclkj,https://notice.eastmoney.com/pdffile/web/H2_AN202008121397918492_1.pdf
无锡市振华汽车部件,已反馈,主板企业,,国泰君安证券股份有限公司,,国浩律师(上海)事务所,,天健会计师事务所(特殊普通合伙),,是,,2020/1/9,81019506,AN202005150055868519,wxszhqcbj,https://notice.eastmoney.com/pdffile/web/H2_AN202005150055868519_1.pdf
无锡新洁能,已反馈,主板企业,,广发证券股份有限公司,,江苏世纪同仁律师事务所,,天衡会计师事务所(特殊普通合伙),,是,,2020/1/9,80341818,AN202009151412523873,wxxjn,https://notice.eastmoney.com/pdffile/web/H2_AN202009151412523873_1.pdf
温州市冠盛汽车零部件集团,预先披露更新,主板企业,,国金证券股份有限公司,,北京金诚同达律师事务所,,天健会计师事务所(特殊普通合伙),,是,,2020/1/9,80445062,AN202007141391467054,wzsgsqclbjjt,https://notice.eastmoney.com/pdffile/web/H2_AN202007141391467054_1.pdf
许昌开普检测研究院,预先披露更新,中小板,,湘财证券股份有限公司,,北京市金杜律师事务所,,大信会计师事务所(特殊普通合伙),,是,,2020/1/9,80986794,AN202009091409919674,xckpjcyjy,https://notice.eastmoney.com/pdffile/web/H2_AN202009091409919674_1.pdf
西藏运高新能源,预先披露更新,主板企业,,长江证券承销保荐有限公司,,北京海润天睿律师事务所,,大华会计师事务所(特殊普通合伙),,是,,2020/1/9,80995118,AN201910251369813711,xcygxny*,https://notice.eastmoney.com/pdffile/web/H2_AN201910251369813711_1.pdf
欣贺,预先披露更新,中小板,,中信建投证券股份有限公司,,北京市天元律师事务所,,致同会计师事务所(特殊普通合伙),,是,,2020/1/9,80200782,AN202010131421172893,xh,https://notice.eastmoney.com/pdffile/web/H2_AN202010131421172893_1.pdf
新疆洪通燃气,已反馈,主板企业,,西部证券股份有限公司,,上海市锦天城律师事务所,,大信会计师事务所(特殊普通合伙),,是,,2020/1/9,80896004,AN202010191422181096,xjhtrq*,https://notice.eastmoney.com/pdffile/web/H2_AN202010191422181096_1.pdf
雪龙集团,已通过发审会,主板企业,,广发证券股份有限公司,,国浩律师(上海)事务所,,天健会计师事务所(特殊普通合伙),,是,,2020/1/9,80597851,AN202002051374782374,xljt,https://notice.eastmoney.com/pdffile/web/H2_AN202002051374782374_1.pdf
厦门建霖健康家居,已反馈,主板企业,,长江证券承销保荐有限公司,,北京海润天睿律师事务所,,大华会计师事务所(特殊普通合伙),,是,,2020/1/9,80995311,AN202007171392136412,xmjljkjj,https://notice.eastmoney.com/pdffile/web/H2_AN202007171392136412_1.pdf
厦门力鼎光电,预先披露更新,主板企业,,国金证券股份有限公司,,福建至理律师事务所,,福建华兴会计师事务所(特殊普通合伙),,是,,2020/1/9,80751557,AN202007171392136408,xmldgd,https://notice.eastmoney.com/pdffile/web/H2_AN202007171392136408_1.pdf
厦门农村商业银行,预先披露更新,主板企业,,中信建投证券股份有限公司,,江苏世纪同仁律师事务所,,致同会计师事务所(特殊普通合伙),,是,,2020/1/9,80073816,AN201806291160950315,xmncsyyx,https://notice.eastmoney.com/pdffile/web/H2_AN201806291160950315_1.pdf
厦门银行,预先披露更新,主板企业,,中信建投证券股份有限公司,,国浩律师(上海)事务所,,安永华明会计师事务所(特殊普通合伙),,是,,2020/1/9,80039308,AN202009151412523878,xmyx,https://notice.eastmoney.com/pdffile/web/H2_AN202009151412523878_1.pdf
西上海汽车服务,已反馈,主板企业,,海通证券股份有限公司,,金茂凯德律师事务所,,众华会计师事务所(特殊普通合伙),,是,,2020/1/9,80132965,AN202012011434755496,xshqcfw,https://notice.eastmoney.com/pdffile/web/H2_AN202012011434755496_1.pdf
新天绿色能源,预先披露更新,主板企业,,中德证券有限责任公司,,北京市嘉源律师事务所,,安永华明会计师事务所(特殊普通合伙),,是,,2020/1/9,80156352,AN202006111383992947,xtlsny,https://notice.eastmoney.com/pdffile/web/H2_AN202006111383992947_1.pdf
襄阳长源东谷实业,已通过发审会,主板企业,,第一创业证券承销保荐有限责任公司,,北京懋德律师事务所,,中审众环会计师事务所(特殊普通合伙),,是,,2020/1/9,80922530,AN202004211378297720,xycydgsy,https://notice.eastmoney.com/pdffile/web/H2_AN202004211378297720_1.pdf
新亚电子,已反馈,主板企业,,长江证券承销保荐有限公司,,国浩律师(上海)事务所,,天健会计师事务所(特殊普通合伙),,是,,2020/1/9,80994787,AN202012221442523971,xydz,https://notice.eastmoney.com/pdffile/web/H2_AN202012221442523971_1.pdf
新亚强硅化学,已反馈,主板企业,,国金证券股份有限公司,,上海市方达律师事务所,,瑞华会计师事务所(特殊普通合伙),,是,,2020/1/9,80460329,AN202008191399449401,xyqghx,https://notice.eastmoney.com/pdffile/web/H2_AN202008191399449401_1.pdf
新宇药业,已反馈,中小板,,招商证券股份有限公司,,江苏世纪同仁律师事务所,,瑞华会计师事务所(特殊普通合伙),,是,,2020/1/9,80196120,AN202009071409012615,xyyy,https://notice.eastmoney.com/pdffile/web/H2_AN202009071409012615_1.pdf
优彩环保资源科技,预先披露更新,中小板,,兴业证券股份有限公司,,上海市锦天城律师事务所,,大华会计师事务所(特殊普通合伙),,是,,2020/1/9,81004888,AN202008241401152648,ychbzykj,https://notice.eastmoney.com/pdffile/web/H2_AN202008241401152648_1.pdf
云南健之佳健康连锁店,已反馈,主板企业,,红塔证券股份有限公司,,北京市康达律师事务所,,信永中和会计师事务所(特殊普通合伙),,是,,2020/1/9,80642026,AN202010271423807427,ynjzjjklsd*,https://notice.eastmoney.com/pdffile/web/H2_AN202010271423807427_1.pdf
烟台北方安德利果汁,预先披露更新,主板企业,,华英证券有限责任公司,,北京大成律师事务所,,毕马威华振会计师事务所(特殊普通合伙),,是,,2020/1/9,10002531,AN202009041407326708,ytbfadlgz,https://notice.eastmoney.com/pdffile/web/H2_AN202009041407326708_1.pdf
烟台招金励福贵金属,预先披露更新,中小板,,招商证券股份有限公司,,北京市康达律师事务所,,北京天圆全会计师事务所(特殊普通合伙),,是,,2020/1/9,80187633,AN201801231080959481,ytzjlfgjs,https://notice.eastmoney.com/pdffile/web/H2_AN201801231080959481_1.pdf
中国黄金集团黄金珠宝,已反馈,主板企业,,中信证券股份有限公司,,北京德恒律师事务所,,瑞华会计师事务所(特殊普通合伙),,是,,2020/1/9,80184473,AN202101261454245896,zghjjthjzb,https://notice.eastmoney.com/pdffile/web/H2_AN202101261454245896_1.pdf
珠海博杰电子,已通过发审会,中小板,,民生证券股份有限公司,,北京德恒律师事务所,,天健会计师事务所(特殊普通合伙),,是,,2020/1/9,80972929,AN202001131374037462,zhbjdz,https://notice.eastmoney.com/pdffile/web/H2_AN202001131374037462_1.pdf
浙江长华汽车零部件,已反馈,主板企业,,长城证券股份有限公司,,上海市锦天城律师事务所,,立信会计师事务所(特殊普通合伙),,是,,2020/1/9,80995094,AN202009161413139478,zjchqclbj,https://notice.eastmoney.com/pdffile/web/H2_AN202009161413139478_1.pdf
浙江大洋生物科技集团,已反馈,中小板,,财通证券股份有限公司,,上海市锦天城律师事务所,,瑞华会计师事务所(特殊普通合伙),,是,,2020/1/9,80475492,AN202010111420723497,zjdyswkjjt,https://notice.eastmoney.com/pdffile/web/H2_AN202010111420723497_1.pdf
浙江东亚药业,已反馈,主板企业,,东兴证券股份有限公司,,上海市通力律师事务所,,中汇会计师事务所(特殊普通合伙),,是,,2020/1/9,80153560,AN202011131428565774,zjdyyy,https://notice.eastmoney.com/pdffile/web/H2_AN202011131428565774_1.pdf
浙江大自然户外用品,已受理,主板企业,,东方花旗证券有限公司,,上海市锦天城律师事务所,,立信会计师事务所(特殊普通合伙),,否,,2020/1/9,80995114,AN202010231423317618,zjdzrhwyp,https://notice.eastmoney.com/pdffile/web/H2_AN202010231423317618_1.pdf
张家港爱丽家居科技,已通过发审会,主板企业,,广发证券股份有限公司,,北京市中伦律师事务所,,江苏公证天业会计师事务所(特殊普通合伙),,是,,2020/1/9,80973886,AN202003101376051008,zjgaljjkj,https://notice.eastmoney.com/pdffile/web/H2_AN202003101376051008_1.pdf
浙江拱东医疗器械,预先披露更新,主板企业,,中泰证券股份有限公司,,浙江天册律师事务所,,天健会计师事务所(特殊普通合伙),,是,,2020/1/9,80994733,AN202009021406154749,zjgdylqx,https://notice.eastmoney.com/pdffile/web/H2_AN202009021406154749_1.pdf
浙江华达新型材料,预先披露更新,主板企业,,海通证券股份有限公司,,国浩律师(杭州)事务所,,天健会计师事务所(特殊普通合伙),,是,,2020/1/9,80607048,AN202007241393667123,zjhdxxcl,https://notice.eastmoney.com/pdffile/web/H2_AN202007241393667123_1.pdf
浙江华康药业,已反馈,主板企业,,瑞信方正证券有限责任公司,,国浩律师(杭州)事务所,,天健会计师事务所(特殊普通合伙),,是,,2020/1/9,80122306,AN202101271454626433,zjhkyy,https://notice.eastmoney.com/pdffile/web/H2_AN202101271454626433_1.pdf
浙江华生科技,已反馈,主板企业,,广发证券股份有限公司,,浙江天册律师事务所,,天健会计师事务所(特殊普通合伙),,是,,2020/1/9,80994735,AN202010201422559215,zjhskj,https://notice.eastmoney.com/pdffile/web/H2_AN202010201422559215_1.pdf
浙江海象新材料,预先披露更新,中小板,,申万宏源证券承销保荐有限责任公司,,上海市锦天城律师事务所,,天健会计师事务所(特殊普通合伙),,是,,2020/1/9,80994734,AN202009161413538631,zjhxxcl,https://notice.eastmoney.com/pdffile/web/H2_AN202009161413538631_1.pdf
浙江建业化工,已通过发审会,主板企业,,浙商证券股份有限公司,,北京市康达律师事务所,,立信中联会计师事务所(特殊普通合伙),,是,,2020/1/9,80961044,AN202002181375194001,zjjyhg,https://notice.eastmoney.com/pdffile/web/H2_AN202002181375194001_1.pdf
中际联合(北京)科技,已反馈,主板企业,,中信建投证券股份有限公司,,北京国枫律师事务所,,大信会计师事务所(特殊普通合伙),,否,,2020/1/9,80381454,AN202006191386064397,zjlhbjkj,https://notice.eastmoney.com/pdffile/web/H2_AN202006191386064397_1.pdf
浙江李子园食品,预先披露更新,主板企业,,财通证券股份有限公司,,北京市金杜律师事务所,,中汇会计师事务所(特殊普通合伙),,是,,2020/1/9,80994739,AN202101261454245890,zjlzysp,https://notice.eastmoney.com/pdffile/web/H2_AN202101261454245890_1.pdf
浙江帅丰电器,预先披露更新,主板企业,,国信证券股份有限公司,,国浩律师(杭州)事务所,,安永华明会计师事务所(特殊普通合伙),,是,,2020/1/9,80994743,AN202009231416303647,zjsfdq,https://notice.eastmoney.com/pdffile/web/H2_AN202009231416303647_1.pdf
浙江省新能源投资集团,已受理,主板企业,,财通证券股份有限公司,,北京市中伦律师事务所,,致同会计师事务所(特殊普通合伙),,否,,2020/1/9,80003293,AN202008311404782990,zjsxnytzjt,https://notice.eastmoney.com/pdffile/web/H2_AN202008311404782990_1.pdf
浙江绍兴瑞丰农村商业银行,预先披露更新,主板企业,,中信建投证券股份有限公司,,江苏世纪同仁律师事务所,,立信会计师事务所(特殊普通合伙),,是,,2020/1/9,80097223,AN201801161078189850,zjsxrfncsyyx,https://notice.eastmoney.com/pdffile/web/H2_AN201801161078189850_1.pdf
浙江泰坦,已反馈,中小板,,华龙证券股份有限公司,,上海市锦天城律师事务所,,立信会计师事务所(特殊普通合伙),,否,,2020/1/9,80062092,AN202101171451663325,zjtt,https://notice.eastmoney.com/pdffile/web/H2_AN202101171451663325_1.pdf
浙江天正电气,预先披露更新,主板企业,,国泰君安证券股份有限公司,,北京德恒律师事务所,,中兴华会计师事务所(特殊普通合伙),,是,,2020/1/9,80994745,AN202007281394596035,zjtzdq,https://notice.eastmoney.com/pdffile/web/H2_AN202007281394596035_1.pdf
中建投租赁,已反馈,主板企业,,中国国际金融股份有限公司,,北京金诚同达律师事务所,,毕马威华振会计师事务所(特殊普通合伙)&sbquo;瑞华会计师事务所(特殊普通合伙),,是,,2020/1/9,80194364,AN201705260604894295,zjtzl,https://notice.eastmoney.com/pdffile/web/H2_AN201705260604894295_1.pdf
浙江西大门新材料,已反馈,主板企业,,浙商证券股份有限公司,,北京市康达律师事务所,,天健会计师事务所(特殊普通合伙),,是,,2020/1/9,80994747,AN202012211442284232,zjxdmxcl,https://notice.eastmoney.com/pdffile/web/H2_AN202012211442284232_1.pdf
浙江新中港清洁能源,已反馈,主板企业,,平安证券股份有限公司,,北京市中伦律师事务所,,中汇会计师事务所(特殊普通合伙),,是,,2020/1/9,80994790,AN202003201376762671,zjxzgqjny,https://notice.eastmoney.com/pdffile/web/H2_AN202003201376762671_1.pdf
浙江迎丰科技,预先披露更新,主板企业,,国元证券股份有限公司,,北京市天元律师事务所,,天健会计师事务所(特殊普通合伙),,是,,2020/1/9,80994749,AN202101191451959570,zjyfkj,https://notice.eastmoney.com/pdffile/web/H2_AN202101191451959570_1.pdf
浙江越剑智能装备,预先披露更新,主板企业,,浙商证券股份有限公司,,国浩律师(杭州)事务所,,天健会计师事务所(特殊普通合伙),,是,,2020/1/9,80558814,AN202004011377321087,zjyjznzb,https://notice.eastmoney.com/pdffile/web/H2_AN202004011377321087_1.pdf
浙江野马电池,已反馈,主板企业,,光大证券股份有限公司,,北京市中伦文德律师事务所,,立信会计师事务所(特殊普通合伙),,是,,2020/1/9,80995110,AN202007171392319321,zjymdc,https://notice.eastmoney.com/pdffile/web/H2_AN202007171392319321_1.pdf
浙江一鸣食品,预先披露更新,主板企业,,中信证券股份有限公司,,北京市康达律师事务所,,天健会计师事务所(特殊普通合伙),,是,,2020/1/9,80300468,AN202012151440000511,zjymsp,https://notice.eastmoney.com/pdffile/web/H2_AN202012151440000511_1.pdf
浙江中晶科技,已反馈,中小板,,海通证券股份有限公司,,浙江六和律师事务所,,瑞华会计师事务所(特殊普通合伙),,是,,2020/1/9,80380768,AN202012071437734912,zjzjkj,https://notice.eastmoney.com/pdffile/web/H2_AN202012071437734912_1.pdf
周六福珠宝,已反馈,中小板,,广发证券股份有限公司,,广东华商律师事务所,,广东正中珠江会计师事务所(特殊普通合伙),,是,,2020/1/9,80995087,AN202010201422559917,zlfzb,https://notice.eastmoney.com/pdffile/web/H2_AN202010201422559917_1.pdf
祖名豆制品,已反馈,中小板,,第一创业证券承销保荐有限责任公司,,浙江天册律师事务所,,天健会计师事务所(特殊普通合伙),,是,,2020/1/9,80468271,AN202012211442522690,zmdzp,https://notice.eastmoney.com/pdffile/web/H2_AN202012211442522690_1.pdf
重庆百亚卫生用品,预先披露更新,中小板,,广发证券股份有限公司,,北京市通商律师事务所,,普华永道中天会计师事务所(特殊普通合伙),,是,,2020/1/9,80485697,AN202009071409074451,zqbywsyp*,https://notice.eastmoney.com/pdffile/web/H2_AN202009071409074451_1.pdf
重庆长江造型材料(集团),已通过发审会,中小板,,国海证券股份有限公司,,泰和泰(重庆)律师事务所,,天健会计师事务所(特殊普通合伙),,是,,2020/1/9,80424697,AN201711071018661337,zqcjzxcljt*,https://notice.eastmoney.com/pdffile/web/H2_AN201711071018661337_1.pdf
重庆顺博铝合金,预先披露更新,中小板,,国海证券股份有限公司,,国浩律师(天津)事务所,,众华会计师事务所(特殊普通合伙),,是,,2020/1/9,80424450,AN202008171399220857,zqsblhj*,https://notice.eastmoney.com/pdffile/web/H2_AN202008171399220857_1.pdf
重庆三峰环境集团,预先披露更新,主板企业,,中信建投证券股份有限公司,,北京德恒律师事务所,,天健会计师事务所(特殊普通合伙),,是,,2020/1/9,80975294,AN202005201379971122,zqsfhjjt*,https://notice.eastmoney.com/pdffile/web/H2_AN202005201379971122_1.pdf
重庆四方新材,预先披露更新,主板企业,,中原证券股份有限公司,,北京市京师(重庆)律师事务所,,信永中和会计师事务所(特殊普通合伙),,是,,2020/1/9,80995080,AN202001031373480386,zqsfxc*,https://notice.eastmoney.com/pdffile/web/H2_AN202001031373480386_1.pdf
重庆银行,预先披露更新,主板企业,,招商证券股份有限公司,,上海市方达律师事务所,,普华永道中天会计师事务所(特殊普通合伙),,是,,2020/1/9,80001142,AN202012301445018236,zqyx*,https://notice.eastmoney.com/pdffile/web/H2_AN202012301445018236_1.pdf
中泰证券,已通过发审会,主板企业,,东吴证券股份有限公司,,北京市中伦律师事务所,,信永中和会计师事务所(特殊普通合伙),,是,,2020/1/9,80000157,AN202004281378799903,ztzq,https://notice.eastmoney.com/pdffile/web/H2_AN202004281378799903_1.pdf
众望布艺,已反馈,主板企业,,国信证券股份有限公司,,国浩律师(杭州)事务所,,天健会计师事务所(特殊普通合伙),,是,,2020/1/9,80994754,AN202008051396419052,zwby,https://notice.eastmoney.com/pdffile/web/H2_AN202008051396419052_1.pdf
中饮巴比食品,预先披露更新,主板企业,,国元证券股份有限公司,,上海市通力律师事务所,,华普天健会计师事务所(特殊普通合伙),,是,,2020/1/9,80994713,AN202009221415818925,zybbsp,https://notice.eastmoney.com/pdffile/web/H2_AN202009221415818925_1.pdf
中银国际证券,已通过发审会,主板企业,,国泰君安证券股份有限公司,,北京市金杜律师事务所,,安永华明会计师事务所(特殊普通合伙),,是,,2020/1/9,80000200,AN202002121375009377,zygjzq,https://notice.eastmoney.com/pdffile/web/H2_AN202002121375009377_1.pdf
